"query_accession"	"study_accession"	"title"	"abstract"	"description"	"study_type"	"center"	"submission_date"	"error"	"GSE"	"URL"
"SRP226114"	"PRJNA578165"	"De novo methylaton of the unmethylated K. phaffii genome by human DNA methyltransferases (DNMTs) [RNA-seq]"	""	"We engineered combinatorial knock-in of human DNMTs in Komagataella phaffii, a yeast species lacking endogenous DNA methylation, to characterize methylation preferences and functional consequences of individual de-novo DNMTs as well as their combinations. Methylation preferences were determined through whole-genome bisulfite sequencing (WGBS) experiments. Effects of knock-in on gene expression were determined by RNA-seq. Measurements of genome-wide methylation produced by distinct de-novo DNMTs permitted determination of methylation preferences and aversions specific to individual DNMTs. Combining methylation and gene expression data provided insight about cellular response to the stress of DNA methylation and about the association between gene methylation patterns and changes in transcriptional output. Overall design: RNA-seq for 13 experimental conditions. Five of these conditions were single gene knock-ins of DNMT1A, DNMT3A1, DNMT3A2, DNMT3B1,or DNMT3L. Three conditions were double knock-ins of DNMT1A and DNMT3L, DNMT3A1 and DNMT3L, or DNMT3A2 and DNMTL. For each of these conditions as well as for the control condition, RNA-seq was performed on total RNA extracted from K. phaffii cells 5 days after generating and validating knock-in strains. The remaining conditions composed a time-course experiment for the double knock-in of DNMT3B1 and DNMT3L in which RNA-seq was performed on total RNA extracted 1, 2, 3, and 4 days after generating and validating knock-in strains. All experiments were performed as biological triplicates. We used fragments per kilobase of transcript per million mapped reads (FPKM) normalization to obtain a table of library-size normalized expression values for each gene in each sample."	""	"University of Illinois, Urbana-Champaign"	"2020-03-24"	""	""	"https://dee2.io/huge/pichia/SRP226114_NA.zip"
"SRP238206"	"PRJNA596645"	"Transcriptomic analysis of Pichia pastoris (Komagataella phaffii) GS115 during heterologous protein production using a high-cell-density fed-batch cultivation strategy"	""	"We investigated gene expression during the bench-scale batch fermentation phase, glycerol feed phase, glycerol-methanol mixture feed (GM) phase, and at different time points following methanol induction using RNA-Seq. We report that the addition of the GM phase may help to alleviate the adverse effects of methanol addition (alone) on P. pastoris cells. Secondly, enhanced upregulation of the mitogen-activated protein kinase (MAPK) signaling pathway was observed in P. pastoris following methanol induction. The MAPK signaling pathway may be related to P. pastoris cell growth, and may regulate the AOX1 promoter via regulatory factors activated by methanol-mediated stimulation. Thirdly, the unfolded protein response (UPR) and ER-associated degradation (ERAD) pathways were not significantly upregulated during the methanol induction period. These results imply that the presence of unfolded or misfolded phytase protein did not represent a serious problem in our study. Finally, the upregulation of the autophagy pathway during the methanol induction phase may be related to the degradation of damaged peroxisomes but not to the production of phytase. This work describes the metabolic characteristics of P. pastoris during heterologous protein production under high-cell-density fed-batch cultivation. We believe that the results of this study will aid further in-depth studies of P. pastoris protein expression, regulation, and secretory mechanisms. Overall design: Investigate the physiological and metabolic characteristics of Pichia pastoris producing exogenous proteins under high-cell-density culture conditions"	""	"Yunnan Normal University"	"2019-12-21"	""	""	"https://dee2.io/huge/pichia/SRP238206_NA.zip"
"SRP278754"	"PRJNA659283"	"RNA-seq Reads of K. phaffii induced by ammonium formate"	""	"heterologous protein expression by K. phaffii"	""	"University of Shanghai for Science and Technology"	"2020-08-27"	""	""	"https://dee2.io/huge/pichia/SRP278754_NA.zip"
"SRP285907"	"PRJNA666642"	"Global gene expression of Pichia pastoris (Komagataella phaffii) with and without lignocellulose hydrolysate derived inhibitors"	""	"The main purpose of this experiment was to identify gene expression changes in Pichia pastoris (Komagataella phaffii) X33 under the effect of lignocellulosic hydrolysate derived inhibitors. Cells were grown in YNB 2% glucose, 4% xylose, buffered to pH 5,5 with phthalate buffer with either no inhibitors (control), or the following inhibitory conditions: acetic acid 2g/L or 6g/L, mixture 0,9 g/L furfural and 0,15 g/L HMF (FH 0,9/0,15 g/L) and 1,5 g/L furfural and 0,25 g/L HMF (FH 1,5/0,25 g/L) for furaldehydes and sugarcane bagasse hydrolysate diluted to 10% and 30% of the initial concentration. Samples were taken after 4h. Each experiment was repeated three times and sequence on an Illumina HiSeq 2500 system v4."	""	"Embrapa Agroenergia"	"2021-10-31"	""	""	"https://dee2.io/huge/pichia/SRP285907_NA.zip"
"SRP286906"	"PRJNA668364"	"Host-informed molecular engineering improves antigen quality and enables integrated manufacturing of a trivalent subunit vaccine [RNA-seq]"	""	"We analyzed the transcriptomes of K. phaffii strains secreting the VP8-P[6] serotype of the rotavirus antigen, and compared against null strains as well as strains secreting the VP8-P[4] or VP8-P[8] serotype in order to diagnose bottlenecks limiting robust secretion of P[6]. Overall design: Multiple replicates and clones of K. phaffii strains expressing either VP8-P[4], VP8-P[6], or VP8-P[8] as well as null (non-expressing) strains were analyzed for RNA expression. All strains were sampled following biomass accumulation in glycerol-containing medium for 24 hr following by induction of protein expression by growth in methanol-containing medium for an additional 24 hr."	""	"Koch Institute"	"2021-05-10"	""	""	"https://dee2.io/huge/pichia/SRP286906_NA.zip"
"SRP286925"	"PRJNA668384"	"Host-informed molecular engineering improves antigen quality and enables integrated manufacturing of a trivalent subunit vaccine [Ribo-seq]"	""	"We analyzed total RNA and ribosome footprints collected from a K. phaffii strain secreting the VP8-P[6] serotype of the rotavirus antigen and compared against a strain secreting the VP8-P[4] serotype for reference. Overall design: K. phaffii strains expressing either VP8-P[4] or VP8-P[6] were analyzed for total mRNA expression and ribosome protected mRNA quantification. All strains were sampled following biomass accumulation in glycerol-containing medium for 24 hr followed by induction of protein expression by growth in methanol-containing medium for an additional 16 hr."	""	"Koch Institute"	"2021-05-10"	""	""	"https://dee2.io/huge/pichia/SRP286925_NA.zip"
"SRP287050"	"PRJNA668560"	"Transcriptome analysis of Pichia pastoris delta-FLD adaptation strain with high methanol utilization and tolerance"	""	"Pichia pastoris (komagataella phaffii) is a very potential methylotrophic cell factories for methanol-based biomanufacturing, but its assimilation pathway is much lower than dissimilation pathway. To further improve methanol assimilation, we mutated formaldehyde dehydrogenase FLD to block methanol dissimilation pathway and forced the mutant to utilize methanol only by methanol assimilation via adaptive laboratory evolution strategy. Our results showed that we successfully blocked the methanol dissimilation by FLD mutant and obtained the evolved strain delta-FLDV6 with high methanol utilization and tolerance. delta-FLDV6 can grow on 4% methanol medium with 2 folds OD600 more than GS115. For better understanding of the transcriptional regulation, we focused on the transcriptome analysis of delta-FLD and delta-FLDV6 on high concentration of methanol. The expression profile of delta-FLD showed that genes were globally downregulated across all the time periods. Adaptation allowed delta-FLDV6 to obtain energy from amino acid metabolism to restore most of gene expression via some of the key enzymes of TCA pathway, such as KGD1, KGD2, LSC1, LSC2 and PDA1. At the same time, peroxisome, alcohol oxidase AOX1 and AOX2, PPP pathway, amino acids biosynthesis were strongly up-regulated compared to GS115. The ability of resistance to ROS was also improved. The glycolysis was furtherly downregulated in delta-FLDV6 compared with GS115. We assumed that all those were regulated by several key transcriptional factors with MET32, MET4 and CBF1 playing the core role in the regulation of complex metabolic networks. This study successfully improved the methanol assimilation by blocking methanol dissimilation pathway and changed the energy obtainments from amino acids metabolism. We made a preliminary attempt to elucidate metabolic networks of the transcriptional regulation on the energy obtainments and protection of cells avoid formaldehyde toxify and ROS damage in Pichia pastoris on high methanol condition. This study provided new understanding of the genetic regulation on Pichia pastoris and genetic targets for metabolic engineering of native and synthetic methylotrophs to enhance the methanol utilization and tolerance."	""	"Shanghai Institute of Nutrition and Health (SINH) of the Chinese Academy of Sciences (CAS)"	"2021-10-03"	""	""	"https://dee2.io/huge/pichia/SRP287050_NA.zip"
"SRP513264"	"PRJNA1122771"	"CRISPR-activation mediated long non-coding RNA overexpression in Komagataella phaffii"	""	"Here RNA-seq was used to examine gene expression differences when targeting long non-coding RNA (lncRNA) overexpression in a CRISPR-activation mediated manner in Komagataella phaffii. Strains were sequenced after small-scale, glucose-limited fed-batch like screenings of recombinant protein producing strains. A number of strains were used, including a strain without the CRISPR activation machinery, a no-targeting control that expressed all components including a scaffold-guide RNA (scgRNAs) not targeted to the K. phaffii genome, and other strains expressing scgRNAs targeted near the predicted transcript start site of lncRNAs."	""	"BOKU - University of Natural Resources and Life Sciences Vienna"	"2026-03-27"	""	""	"https://dee2.io/huge/pichia/SRP513264_NA.zip"
"SRP657116"	"PRJNA1390409"	"GSAR RNA-Seq Raw sequence reads"	""	"In this study, adaptive laboratory evolution (ALE) was performed on the wild-type Pichia pastoris GS115 strain, yielding the acid-tolerant strain GSAR capable of withstanding pH 2.6. The key genetic elements responsible for the acid tolerance of GSAR were identified, and the GSAR strain was further applied to the neutralizer-free fermentation for the production of organic acids and full-length recombinant proteins."	""	"east china university of science and technology"	"2025-12-19"	""	""	"https://dee2.io/huge/pichia/SRP657116_NA.zip"
"SRP472421"	"PRJNA1041482"	"RNA-seq of K. phaffii without D3 sequence in AOX1 promoter"	""	"RNA-seq of K. phaffii strains without D3 sequence in AOX1 promoter"	""	"University of Shanghai for Science and Technology"	"2023-11-18"	""	""	"https://dee2.io/huge/pichia/SRP472421_NA.zip"
"SRP334724"	"PRJNA757827"	"Transcriptome of the methanol dissimilation pathway in Pichia pastoris"	""	"In the dissimilation pathway of Pichia pastoris, formaldehyde is oxidized to CO2 by formaldehyde dehydrogenase (FLD), s-hydroxymethyl glutathione hydrolase (FGH) and formate dehydrogenase (FDH). These three genes were knocked out separately in GS115. The transcriptional profiles of GS115 and dissimilation pathway knockout strains were developed in methanol culture, and designated as GS115, KO_FLD_M, KO_FGH_M and KO_FDH_M."	""	"South China University of Technology"	"2021-09-08"	""	""	"https://dee2.io/huge/pichia/SRP334724_NA.zip"
"SRP361344"	"PRJNA809210"	"Carbon source utilization of Pichia pastoris"	""	"Transcriptome comparison between the parent strain and gss1 deletion mutant were performed."	""	"Chinese Academy of Agricultural Sciences"	"2022-02-24"	""	""	"https://dee2.io/huge/pichia/SRP361344_NA.zip"
"SRP402769"	"PRJNA890185"	"Komagataella phaffii Transcriptome or Gene expression"	""	"Transcriptome analysis between wild type strain GS115 and N-glycosylation engineered strain Glyco4 at three sampling time, in order to investigate how the humanization of N-glycosylation pathway impairs the growth rate and cell morphology of P. pastoris"	""	"Zhejiang university"	"2022-10-15"	""	""	"https://dee2.io/huge/pichia/SRP402769_NA.zip"
"SRP420684"	"PRJNA930494"	"Komagataella phaffii Raw sequence reads"	""	"This bioproject contains 5 samples of RNA-seq data from the same strain grown in methanol or glycerol"	""	"Universidad Autonoma de Nuevo Leon"	"2024-03-30"	""	""	"https://dee2.io/huge/pichia/SRP420684_NA.zip"
"SRP420805"	"PRJNA931229"	"Transcriptomic profiling of the yeast Komagataella phaffii in response to environmental alkalinization"	""	"Adaptation to alkalinization of the medium in fungi involves an extensive remodeling of gene expression. Komagataella phaffii is an ascomycetous yeast that has become an organism widely used for heterologous protein expression. We explore here the transcriptional impact of moderate alkalinization in this yeast. In spite of a minor effect on growth, shifting the cultures from pH 5.5 to 8.0 or 8.2 provokes significant changes in the mRNA levels of over 700 genes. Functional categories such as arginine and methionine biosynthesis, non-reductive iron uptake and phosphate metabolism are enriched in induced genes, whereas many genes encoding iron-sulfur proteins or members of the respirasome were repressed. We also show that alkalinization is accompanied by oxidative stress and we propose this circumstance as a common trigger of a subset of the observed changes. PHO89, encoding a Na+/Pi cotransporter, appears among the most potently induced genes by high pH. We demonstrate that this response is mainly based on two calcineurin-dependent response elements located in its promoter, thus indicating that alkalinization triggers a calcium-mediated signal in K. phaffii. Further characterization of alkaline pH responsive promoters may lead to developing novel pH-controlled systems for heterologous protein expression in this fungus. Overall design: comparison of mRNA levels by RNA-Seq between Komagataella phaffii yeast cells grown at pH 5.5 (referene) and 8.0 (grown on glycerol or glucose) or 8.2 (grown on glycerol). Replicates are included."	""	"Yeast Molecular Biology, Biochemistry & Mol. Biol., UNIVERSITAT AUTONOMA BARCELONA"	"2023-04-14"	""	""	"https://dee2.io/huge/pichia/SRP420805_NA.zip"
"SRP458584"	"PRJNA1013119"	"Transcriptomic analysis of recombinant Komagataella phaffii at near-zero growth rates"	""	"RNASeq was utilised to examine alternations of the transcriptome of a nanobody producing Komagataella phaffii strain across a 200-fold range of growth rates. Samples are taken from either chemostat cultivations or from sampling points during a retentostat cultivation. Additional samples include those taken from a retentostat cultivation with a prolonged chemostat phase before retentostat initiation."	""	"BOKU - University of Natural Resources and Life Sciences Vienna"	"2024-01-15"	""	""	"https://dee2.io/huge/pichia/SRP458584_NA.zip"
"SRP482147"	"PRJNA1061507"	"CRISPR-Cas9 knockout screen informs efficient reduction of the Komagataella phaffii secretome"	""	"The yeast Komagataella phaffii is a promising alternative host for manufacturing of therapeutic proteins. Deletion of unneeded endogenous proteins could increase the secreted titer of recombinant proteins by redirecting cellular resources. Genetic engineering in non-model hosts is hampered by limited annotation of genes, especially essential genes. In this study, we identified the set of endogenous secreted proteins in K. phaffii and attempted to disrupt these genes. We designed, transformed, and sequenced a pooled CRISPR-Cas9 knockout library to determine which genes are essential. With this knowledge, we rapidly disrupted up to 9 consecutive genes in K. phaffii. Engineered strains exhibited a ~20x increase in the production of human serum albumin and a 2x increase in the production of a monoclonal antibody. The pooled CRISPR-Cas9 library and knowledge of gene essentiality reported here will facilitate future efforts to engineer K. phaffii for production of other recombinant therapeutic proteins and enzymes. Overall design: This experiment is a head to head comparison of the transcriptomes of two yeast strains. The strains are compared during expression of two proteins, human serum albumin (HSA) and trastuzumab."	""	"Koch Institute"	"2024-08-10"	""	""	"https://dee2.io/huge/pichia/SRP482147_NA.zip"
"SRP497117"	"PRJNA1090687"	"Targeted gene regulation using dMAD7 in the methylotrophic yeast Komagataella phaffii"	""	"Utilizing the catalytically inactive CRISPR interference system dMAD7, we conducted random integration experiments using dMAD7 containing plasmids to regulate the expression of the enhanced green fluorescence protein. We investigated the integration events through whole-genome sequencing and possible effects of the integration on mRNA level through RNA-sequencing."	""	"Medical University of Graz"	"2024-05-11"	""	""	"https://dee2.io/huge/pichia/SRP497117_NA.zip"
"SRP510774"	"PRJNA1118181"	"Gene expression pattern change upon H2O2 treatment in P. pastoris"	""	"Here we performed RNA-seq to examine gene expression difference in regular culture and H2O2 treated cells. Two strains were used here: GS115 (wild-type) and GS115-delta PAS_chr1-4_0287/PAS_chr1-1_0102/PAS_chr2-2_0494 (H3K36me3 deficient strain)."	""	"East China university of Science and Technology"	"2024-06-12"	""	""	"https://dee2.io/huge/pichia/SRP510774_NA.zip"
"SRP524418"	"PRJNA1144800"	"Characterizing heterologous protein burden in Komagataella phaffii"	""	"This is a study on the cellular response to burdensome heterologous protein production in Komagataella phaffii cell factories, which produce either the human insulin precursor or Mambalgin-1 peptide at various levels (tuning gene dosage and promoters). The aim of the study is to provide novel insight into the cellular response to heterologous protein production by investigating the transcriptome of K. phaffii cell factories, which can help identify important bottlenecks and point in the direction of the most beneficial mitigation strategies."	""	"DTU"	"2025-02-27"	""	""	"https://dee2.io/huge/pichia/SRP524418_NA.zip"
"SRP534992"	"PRJNA1165720"	"Specific features of the transcriptomic response to nitrogen starvation in methylotrophic yeast Komagataella phaffi"	""	"Non-conventional methylotrophic yeast Komagataella phaffii is an important production host in biotechnology and an emerging model organism. In this work, we studied K. phaffii response to nitrogen starvation during cultivation in media with methanol as the sole carbon source. The results were compared with well-established model yeast Saccharomyces cerevisiae. Some of the observed effects of nitrogen starvation in K. phaffii were similar to those in S. cerevisiae, despite this yeast does not have metabolic pathway for methanol utilization. The effects include activation of autophagy, transport and catabolism of nitrogen-containing compounds, interconversions of amino acids, and biosynthesis of fatty acids. K. phaffii cells also demonstrated specific response to nitrogen starvation including suppression of genes involved in methanol metabolism and other peroxisomal processes and activation of purine catabolism genes. Overall design: To investigate the impact of nitrogen starvation on K. phaffii we analyzed the transcriptome from three control replicates grown on the methanol-containing medium with a nitrogen source (ammonium sulfate) and three experimental replicates grown on the methanol-containing medium without a nitrogen source."	""	"Laboratory of biochemical genetics, Faculty of Biology, St. Petersburg State University"	"2024-10-07"	""	""	"https://dee2.io/huge/pichia/SRP534992_NA.zip"
"SRP541930"	"PRJNA1179660"	"Synthetic transcription factors establish the function of nine amino acid transactivation domains of Komagataella phaffii Mxr1"	""	"The zinc finger transcription factor Mxr1 (Methanol expression regulator 1) of the methylotropic yeast Komagataella phaffii, aka, Pichia pastoris, harbors a DNA binding domain (DBD) consisting of two C2h2 zinc fingers (Mxr1ZF) between amino acids 36-101 and previously identified nine amino acid activation domain (9aaTAD) between residues 365-373(TAD A). Beyond this 21 putative 9aaTADs (designated TAD B-V) located between amino acids 400-1155 remain to be characterized. Here, we demonstrate that a compact synthetic transcription factor composed of Mxr1ZF and three tandem copies of TAD A can activate the transcription of Mxr1 target genes for ethanol and methanol metabolism with specificity and efficiency comparable to the full-length protein. Expression of individual synthetic transcription factors containing Mxr1ZF and each of the 20 putative 9aaTADs in K. phaffii Dmxr1 strain revealed that 10 of these putative TADs are functional, capable of reversing the growth defect of the mutant and activating transcription of target genes required for ethanol and methanol metabolism.Functional analysis indicates that Mxr1 9aaTADs rely on General Control Non-derepressible 5 (Gcn5), a hsitone acetyltransferase, for transactivation. These findings suggest that recruitment of Gcn5-mediated histone acetylation at target promoters is a critical step in transcriptional activation by Mxr1 9aaTADs. This study represents the first comprehensive characterization of 9aaTADs in a K. phaffii zinc finger transcription factor, providing insights into their mechanism and potential applications in synthetic biology."	""	"Indian Institute of Science"	"2025-01-19"	""	""	"https://dee2.io/huge/pichia/SRP541930_NA.zip"
"SRP070669"	"PRJNA311606"	"Pichia pastoris transcriptomic studies"	""	"Transcriptomic studies of gene expression throughout cultivation on various carbon sources in three Pichia pastoris strains (Komagataella phaffii WT/GS115 and K. pastoris)"	""	"Massachusetts Institute of Technology"	"2016-08-10"	""	""	"https://dee2.io/huge/pichia/SRP070669_NA.zip"
"SRP557139"	"PRJNA1210090"	"Ferulic acid tolerance mechanisms in a vanillin-producing Komagataella phaffii"	""	"The bioconversion of lignocellulosic derivatives into high-value fine chemicals demonstrates immense potential for balancing sustainable utilization and value-added processing of renewable feedstock. Ferulic acid (FA), a lignocellulosic derivative abundant in plant cell walls, is a major bioavailable aromatic monomer, serves as a promising precursor for the biosynthesis of high-value aromatic products such as vanillin. However, the inherent toxicity of high-concentration of FA significantly inhibits cell growth, posing a major challenge in the development of efficient cell factories for the industrial production of high-value compounds from FA. In this study, we conducted a comprehensive transcriptome analysis of a vanillin-producing Komagataella phaffii cell factory under 20 mM FA stress, to investigate the molecular mechanisms underlying the strain's ability to withstand high-concentrations of FA. The data revealed that differentially expressed genes (DEGs) involved in cell membrane/wall defense, redox regulation, central carbon metabolism (CCM), oxidative phosphorylation, amino acid metabolism, and transcription and translation pathways were closely associated with the FA tolerance of the engineered K. phaffii. Protein interaction analysis and gene overexpression validation further identified KGD1, CIT1, SOD2, and TRP5 as key genes in the FA-stress tolerance regulation. This study offers an in-depth understanding of the FA tolerance mechanisms and metabolic engineering target genes of the K. phaffii cell factory, which could significantly contribute to the development of more efficient and robust cell factories for the biosynthesis of high-value compounds from FA using K. phaffii as a potent chassis cell."	""	"Chinese Academy of Agricultural Sciences"	"2025-01-24"	""	""	"https://dee2.io/huge/pichia/SRP557139_NA.zip"
"SRP566044"	"PRJNA1227200"	"Komagataella phaffii Raw sequence reads"	""	"The data from this project were used to study the transcriptional differences in the production of itaconic acid on cells caused by the metabolism of methanol by Komagataella phaffii."	""	"Shanghai Jiao Tong University"	"2025-04-05"	""	""	"https://dee2.io/huge/pichia/SRP566044_NA.zip"
"SRP585318"	"PRJNA1262845"	"The contribution of the transcription factors Crz1 and Rim101 to the response to alkalinization in Komagataella phaffii"	""	"In the industrially relevant yeast Komagataella phaffii, as in other yeasts, alkalinization of the medium results in fast and extensive transcriptional remodeling. This response has been useful to design novel methanol-free, regulatable platforms for heterologous protein expression. However, its molecular bases are fully unknown. Crz1 and Rim101/PacC are transcription factors known to contribute to the alkaline pH transcriptional responses in many fungi. We identified here the transcription factors Crz1 and Rim101 in K. phaffii and used CRISPR/Cas9 techniques to create single and double mutant strains. Phenotypic characterization shows that crz1 cells are strongly sensitive to Ca2+ ions, mildly sensitive to alkaline pH and hypertolerant to SDS. In contrast, rim101 cells are markedly hypersensitive to Na+ and Li+ ions, to alkaline pH and to SDS. RNA-seq transcriptomic analysis revealed that mutation of RIM101 affects 55% of genes whose expression is altered at pH 8.0, whereas lack of Crz1 alters only 11% of these. Thirty-eight genes are co-regulated by both Crz1 and Rim101. The PMC1 vacuolar Ca+2-ATPase is regulated by Crz1, whereas the ENA2 Na+-ATPase, the PHO89 and PHO84 phosphate transporters, and diverse genes involved in iron homeostasis are Rim101-dependent. These effects were confirmed by proteomic analyses after 3 h of alkalinization. Therefore, while Rim101 appears as a major player in the transcriptional response to alkalinization, nearly 40% of the alkaline pH transcriptional response in K. phaffii is controlled still unknown pathways. Overall design: Comparison of mRNA levels by RNA-Seq between Komagataella phaffii yeast cells grown on YP-glycerol at pH 5.5 (reference) and 8.0 (alkaline pH) for wild-type GS115 strain and cell mutated for PAS_chr3_0625 (RIM101) and PAS_chr2-2_0202 (CRZ1) transcription factors. Samples were taken after 0, 15, 30 and 60 min upon alkalinization of the medium."	""	"Yeast Molecular Biology, Biochemistry & Mol. Biol., UNIVERSITAT AUTONOMA BARCELONA"	"2025-09-08"	""	""	"https://dee2.io/huge/pichia/SRP585318_NA.zip"
"SRP599661"	"PRJNA1289153"	"Systematic Perturbation of Cultures of K. Phaffii Show Gene Signatures Associated with 1 Specific Productivity of Recombinant Proteins [K. phaffii S-1076 RNA-seq]"	""	"Demand for recombinant proteins is rapidly growing, driven by their use as 16 biotherapeutics, vaccine components, industrial enzymes, and food ingredients. The growing market requires novel strategies for increasing specific productivity (qp) of cellular hosts. Systems-level frameworks have been used to improve productivity, but have had difficulty relating complex cellular pathways with protein expression. Here, we demonstrate a method for mapping relationships between gene expression signatures and complex phenotypes related to recombinant protein productivity. Our approach induces systematic perturbations in cultures of K. Phaffii using varied co-feeds of carbon sources. The different carbon sources significantly impacted cell growth, specific productivity, and transcriptional states. With these data, we identified scale-independent metagenes that explained significant transcriptomic variance and strongly associated with complex cellular phenotypes, including qp and response to methanol induction for both IgG1 and VHH. We used these results to identify and knockout 31 novel gene targets whose expression inversely correlated with productivity. Ten of these genes improved productivity of IgG1 by up to 3x, and 17 genes increased productivity of VHH by up to 1.7x without impacting cell growth. This study identified ten groups of carbon co-feeds which induce similar transcriptomic states. We systematically perturbated cultures of K. phaffii using these co-feeds and identified phenotype-associated metagenes. Using the productivity-correlated metagene, we identified 10-17 genes which improved recombinant protein productivity when knocked out. This framework for relating gene signatures to complex cellular phenotypes could provide useful metrics for assessing 37 production processes and identifying new targets for cellular engineering. Overall design: Gene expression data for K. phaffii strain (S-1076) expressing the monoclonal antibody (mAb) trastuzumab grown in glycerol-containing complex media, then exchanged into complex media with 10 mM Glutathione containing eight different carbon coifeeds, three different co-feed concentrations, and three different methanol concentrations (8x3x3=72 conditions) with 2-3 replicates per condition."	""	"Koch Institute"	"2026-03-15"	""	""	"https://dee2.io/huge/pichia/SRP599661_NA.zip"
"SRP599672"	"PRJNA1289154"	"Systematic Perturbation of Cultures of K. Phaffii Show Gene Signatures Associated with 1 Specific Productivity of Recombinant Proteins [K. phaffii S-953 RNA-seq]"	""	"Demand for recombinant proteins is rapidly growing, driven by their use as 16 biotherapeutics, vaccine components, industrial enzymes, and food ingredients. The growing market requires novel strategies for increasing specific productivity (qp) of cellular hosts. Systems-level frameworks have been used to improve productivity, but have had difficulty relating complex cellular pathways with protein expression. Here, we demonstrate a method for mapping relationships between gene expression signatures and complex phenotypes related to recombinant protein productivity. Our approach induces systematic perturbations in cultures of K. Phaffii using varied co-feeds of carbon sources. The different carbon sources significantly impacted cell growth, specific productivity, and transcriptional states. With these data, we identified scale-independent metagenes that explained significant transcriptomic variance and strongly associated with complex cellular phenotypes, including qp and response to methanol induction for both IgG1 and VHH. We used these results to identify and knockout 31 novel gene targets whose expression inversely correlated with productivity. Ten of these genes improved productivity of IgG1 by up to 3x, and 17 genes increased productivity of VHH by up to 1.7x without impacting cell growth. This study identified ten groups of carbon co-feeds which induce similar transcriptomic states. We systematically perturbated cultures of K. phaffii using these co-feeds and identified phenotype-associated metagenes. Using the productivity-correlated metagene, we identified 10-17 genes which improved recombinant protein productivity when knocked out. This framework for relating gene signatures to complex cellular phenotypes could provide useful metrics for assessing 37 production processes and identifying new targets for cellular engineering. Overall design: Gene expression data for K. phaffii strain (S-953) expressing 3B2 Variable domain of the Heavy Chain (VHH) nanobody grown in glycerol-containing complex media, then exchanged into complex media containing eight different carbon coifeeds, three different co-feed concentrations, and three different methanol concentrations (8x3x3=72 conditions) with 2-3 replicates per condition."	""	"Koch Institute"	"2026-03-15"	""	""	"https://dee2.io/huge/pichia/SRP599672_NA.zip"
"SRP647794"	"PRJNA1367964"	"Enhancing the Secretion Efficiency of Heterologous Proteins in Pichia pastoris through N-Glycosylation and SOD1-Mediated Redox Regulation"	""	"This project presents the RNA seq data generated from two engineered strains of the methylotrophic yeast Pichia pastoris GS115, which exhibit differential secretion efficiencies for enhanced green fluorescent protein. These strains, designated GS115-High and GS115-Low, were constructed through site-directed mutagenesis of glycosylation sites within the alpha-mating factor signal peptide. The primary objective of this study was to investigate the global transcriptional mechanisms underlying divergent protein secretion capacities. Comparative transcriptomic analysis between the high and low secretion strains revealed significant upregulation of the superoxide dismutase gene and enhanced oxidoreductase activity in the GS115-High strain, suggesting a critical link between efficient protein secretion and robust cellular antioxidant defense. Additionally, pathways related to amino acid metabolism were notably altered, indicating a synergistic reallocation of metabolic resources. This dataset provides valuable insights into the cooperative interplay between protein processing and redox homeostasis, serving as a key resource for understanding and engineering P. pastoris for improved heterologous protein production."	""	"FUJIAN NORMAL UNIVERSITY"	"2025-11-25"	""	""	"https://dee2.io/huge/pichia/SRP647794_NA.zip"
"SRP094666"	"PRJNA355965"	"Transcriptome analysis of mig1Δmig2Δ mutant of Pichia pastoris GS115"	""	"Transcriptome analysis of mig1Δmig2Δ mutant reveals their roles in derepression of alcohol oxidase expression and methanol metabolism regarding biological processes in methylotrophic yeast Pichia pastoris"	""	"East China University of Science and Technology"	"2017-04-19"	""	""	"https://dee2.io/huge/pichia/SRP094666_NA.zip"
"SRP108485"	"PRJNA388897"	"Development of a general defined media for Pichia pastoris"	""	"Pichia pastoris is widely used as a host for recombinant protein production. More than 500 proteins have been expressed in the organism at a variety of cultivation scales, from small shake flasks to large bioreactors. Large-scale fermentation strategies typically employ chemically-defined growth media because of its greater batch-to-batch consistency and in many cases, lower cost compared to complex media. For biopharmaceuticals, defined growth media may also simplify downstream purification and regulatory documentation. Standard formulations of defined media for Pichia are minimal ones that lack the metabolic intermediates provided by complex components such as peptone and yeast extract. As a result, growth rates and per-cell productivities are significantly lower than in complex media. We have designed an improved defined media for Pichia pastoris, rich defined medium (RDM), by systematically evaluating nutrients of increasing complexity and identifying those that are most critical for growth. We have also demonstrated the use of RDM for expression of three heterologous proteins, at titers comparable to or higher than in standard complex medium. Rich defined medium has the potential to improve productivity of Pichia pastoris fermentations and accelerate process development for new molecules. Overall design: There are 12 samples, representing 3 conditions and 4 replicates for each condition. The 3 conditions are different media formulations --------------------- mcbart_FPKM.xlsx.gz: normalized abundance measurements mcbart_rawcounts.xlsx.gz: raw counts WT.v1.fa.gz: fasta format genome assembly phaffii_WT.c2.gtf.gz: gtf format gene annotation file mcbart_GeneIDtoSymbol.xlsx.gz: excel file linking gene IDs in gtf file to informative symbols"	""	"Koch Institute"	"2019-05-24"	""	""	"https://dee2.io/huge/pichia/SRP108485_NA.zip"
"SRP132882"	"PRJNA434119"	"A single Gal4-like transcription factor activates the Crabtree effect in Komagataella phaffii"	""	"The Crabtree phenotype defines whether a yeast can perform simultaneous respiration and fermentation under aerobic conditions at high growth rates, a phenomenon that resembles the Warburg effect in cancer cells. Whole genome duplication, global promoter rewiring and loss of respiratory complex I are the main molecular events that contributed to the evolution of Crabtree effect. Here we show that overexpression of a single Gal4-like transcription factor is sufficient to convert Crabtree-negative Komagataella phaffii (Pichia pastoris) into a Crabtree positive yeast. We report the transcriptome profile (RNASeq) of the Δgal4-like and Gal4-like overexpression K. phaffii strains. Upregulation of the glycolytic genes and a significant increase in glucose uptake rate due to the overexpression of the Gal4-like transcription factor caused an overflow metabolism, triggering both short-term and long-term Crabtree phenotypes. This indicates that a single mutation leading to overexpression of one gene may have been sufficient as a first molecular event towards respiro-fermentative metabolism in the course of yeast evolution. Overall design: Investigation of the transcriptome profile of the control, Gal4-like overexpression and Δgal4-like K. phaffii strains in triplicates."	""	"Working Group Mattanovich, Department of Biotechnology, University of Natural Resources and Life Sciences"	"2018-10-21"	""	""	"https://dee2.io/huge/pichia/SRP132882_NA.zip"
"SRP135907"	"PRJNA438709"	"RNA-seq differential expression analysis of Komagataella phaffii CBS2612 under mating conditions"	""	"We used RNA sequencing to analyse the differences in gene expression between the homothallic K. phaffii CBS2612 wild type and heterothallic a- and α-type strains during growth in rich medium and under mating conditions. This data was used to investigate mating-type specific gene expression and allowed the identification of the K. phaffii a-factor genes. Overall design: Examination of expression levels in two different media with wild type and heterothallic a- and α-type cells."	""	"Mattanovich Lab: Metabolic and Cell Engineering, Department of Biotechnology, University of Natural Resources and Life Sciences"	"2018-04-29"	""	""	"https://dee2.io/huge/pichia/SRP135907_NA.zip"
"SRP198262"	"PRJNA542662"	"Pseudohyphal differentiation in Komagataella phaffii: investigating the FLO gene family"	""	"The protein production host Komagataella phaffii has possess the ability to differentiate into pseudohyphal form when cultivated at slow growth rates (µ=0.05 h-1) in glucose-limited chemostats. In this study, we investigated the K. phaffii FLO gene family in the context of pseudohyphae formation. Transcriptional analysis helped us identify 3 possible responsible genes, FLO11, FLO400 and FLO5-1, all of which are under control of Flo8, a transcription factor whose disruption prevents pseudohyphae formation. Knocking out FLO11 revealed that this is not the sole protein responsible for this phenotype. Strikingly, the expression of FLO400 and FLO5-1 was negatively correlated with pseudohyphae formation, and shown to be under epigenetic control by FAIRE-Seq analysis. Knock outs of these two genes completely inhibited the appearance of pseudohyphal cells and prevented the expression of FLO11. Even though the mechanism is unclear at present, we propose that in K. phaffii Flo400 and/or Flo5-1 act as upstream signals that lead to the induction of FLO11 expression upon severe glucose limitation in chemostats at slow growth rate, and that the expression of FLO400 and FLO5-1 is controlled by epigenetic silencing, which acts independently from the general activation of FLO gene expression by the transcriptional regulator Flo8. Overall design: Comparison of transcript levels of FLO genes of Komagataella phaffii (wild-type strain) when cultivated in a glucose-limited chemostat at fast (µ=0.1 h-1), slow (µ=0.05 h-1) and then switched back to fast (µ=0.1 h-1) growth rates. Samples were taken after 5 residence times at each growth rate, in triplicates. A similar cultivation was carried out for the K. phaffii strain with disrupted FLO8 gene to identify the FLO genes under the control of the Flo8 transcription factor. In this case samples were taken at the fast (µ=0.1 h-1) and the slow (µ=0.05 h-1) growth rates."	""	"Working Group Mattanovich, Department of Biotechnology, University of Natural Resources and Life Sciences"	"2020-08-21"	""	""	"https://dee2.io/huge/pichia/SRP198262_NA.zip"
"SRP314811"	"PRJNA721898"	"Engineered SARS-CoV-2 receptor binding domain improves manufacturability in yeast and immunogenicity in mice"	""	"Global containment of COVID-19 still requires accessible and affordable vaccines for low- and middle-income countries (LMICs). Recently approved vaccines provide needed interventions, albeit at prices that may limit their global access. Subunit vaccines based on recombinant proteins are suited for large-volume microbial manufacturing to yield billions of doses annually, minimizing their manufacturing cost. These types of vaccines are well-established, proven interventions with multiple safe and efficacious commercial examples. Many vaccine candidates of this type for SARS-CoV-2 rely on sequences containing the receptor-binding domain (RBD), which mediates viral entry to cells via ACE2. Here we report an engineered sequence variant of RBD that exhibits high-yield manufacturability, high-affinity binding to ACE2, and enhanced immunogenicity after a single dose in mice compared to the Wuhan-Hu-1 variant used in current vaccines. Antibodies raised against the engineered protein exhibited heterotypic binding to the RBD from two recently reported SARS-CoV-2 variants of concern (501Y.V1/V2). Presentation of the engineered RBD on a designed virus-like particle (VLP) also reduced weight loss in hamsters upon viral challenge. Overall design: Two gene expression analysis experiments where various numbers of replicates of yeast cells expressing SARS-Cov2 receptor binding domain (RBD) transgenes were compared to cells expressing the P8 control transgene. The exp020821 experiment compares wild type or engineered RBD to controls. The exp031020 compares wild type RBD to controls."	""	"Koch Institute"	"2021-09-17"	""	""	"https://dee2.io/huge/pichia/SRP314811_NA.zip"
"SRP335592"	"PRJNA760524"	"Scalable, methanol-free manufacturing of the SARS-CoV-2 receptor binding domain in engineered Komagataella phaffii"	""	"Prevention of COVID-19 on a global scale will require the continued development of high-volume, low-cost platforms for the manufacturing of vaccines to supply on-going demand. Vaccine candidates based on recombinant protein subunits remain important because they can be manufactured at low costs in existing large-scale production facilities that use microbial hosts like Komagataella phaffii (Pichia pastoris). Here, we report an improved and scalable manufacturing approach for the SARS-CoV-2 spike protein receptor binding domain (RBD) this protein is a key antigen for several reported vaccine candidates. We genetically engineered a manufacturing strain of K. phaffii to obviate the requirement for methanol-induction of the recombinant gene. Methanol-free production improved the secreted titer of the RBD protein by >5x by alleviating protein folding stress. Removal of methanol from the production process enabled scale up to a 1,200 L pre-existing production facility. This engineered strain is now used to produce an RBD-based vaccine antigen that is currently in clinical trials and could be used to produce other variants of RBD as needed for future vaccines. Overall design: Comparison of 3 replicates of Komagataella phaffii cells grown in 5% MeOH with 3 repliates of cells growing in 4% Sorbitol."	""	"Koch Institute"	"2021-12-19"	""	""	"https://dee2.io/huge/pichia/SRP335592_NA.zip"
"SRP217973"	"PRJNA559571"	"Comparative genome-scale analysis of Pichia pastoris variants informs selection of an optimal base strain [protein expression]"	""	"Komagataella phaffii, also known as Pichia pastoris, is a common host for the production of biologics and enzymes, due to fast growth, high productivity, and advancements in host engineering. Several K. phaffii variants are commonly used as interchangeable base strains, which confounds efforts to improve this host. In this study, genomic and transcriptomic analyses of Y-11430 (CBS7435), X-33, GS115, and eight other variants enabled a comparative assessment of the relative fitness of these hosts for recombinant protein expression. Cell wall integrity explained the majority of the variation among strains, impacting transformation efficiency, growth, methanol metabolism, and secretion of heterologous proteins. Y-11430 exhibited the highest activity of genes involved in methanol utilization, up to two-fold higher transcription of heterologous genes, and robust growth. With a more permeable cell wall, X-33 displayed a six-fold higher transformation efficiency and up to 1.2-fold higher titers than Y-11430. X-33 also shared nearly all mutations, and a defective variant of HIS4, with GS115, precluding robust growth. Transferring two beneficial mutations identified in X-33 into Y-11430 resulted in an optimized base strain that provided up to four-fold higher transformation efficiency and three-fold higher protein titers, while retaining robust growth. The approach employed here to assess unique banked variants in a species and then transfer key beneficial variants into a base strain should also facilitate rational assessment of a broad set of other recombinant hosts. Overall design: Characterization of three clones of each of four P. pastoris strains expressing two different proteins (rhGH and rG-CSF) [=24 strains in total, all integrated using pPICZA backbone (invitrogen)] with triplicate total mRNA samples collected for each"	""	"Koch Institute"	"2019-11-07"	""	""	"https://dee2.io/huge/pichia/SRP217973_NA.zip"
"SRP217974"	"PRJNA559572"	"Comparative genome-scale analysis of Pichia pastoris variants informs selection of an optimal base strain [non-expressing]"	""	"Komagataella phaffii, also known as Pichia pastoris, is a common host for the production of biologics and enzymes, due to fast growth, high productivity, and advancements in host engineering. Several K. phaffii variants are commonly used as interchangeable base strains, which confounds efforts to improve this host. In this study, genomic and transcriptomic analyses of Y-11430 (CBS7435), X-33, GS115, and eight other variants enabled a comparative assessment of the relative fitness of these hosts for recombinant protein expression. Cell wall integrity explained the majority of the variation among strains, impacting transformation efficiency, growth, methanol metabolism, and secretion of heterologous proteins. Y-11430 exhibited the highest activity of genes involved in methanol utilization, up to two-fold higher transcription of heterologous genes, and robust growth. With a more permeable cell wall, X-33 displayed a six-fold higher transformation efficiency and up to 1.2-fold higher titers than Y-11430. X-33 also shared nearly all mutations, and a defective variant of HIS4, with GS115, precluding robust growth. Transferring two beneficial mutations identified in X-33 into Y-11430 resulted in an optimized base strain that provided up to four-fold higher transformation efficiency and three-fold higher protein titers, while retaining robust growth. The approach employed here to assess unique banked variants in a species and then transfer key beneficial variants into a base strain should also facilitate rational assessment of a broad set of other recombinant hosts. Overall design: Characterization of 11 different Komagataella phaffii strains under 3 growth conditions with replicate total mRNA samples collected for each strain and condition"	""	"Koch Institute"	"2019-11-07"	""	""	"https://dee2.io/huge/pichia/SRP217974_NA.zip"
"SRP455504"	"PRJNA1006195"	"RNA-seq analysis of Komagataella phaffii"	""	"RNA-seq analysis of gene expression of Komagataella phaffii cultured in glucose or mannitol media."	""	"Minjiang University"	"2024-09-02"	""	""	"https://dee2.io/huge/pichia/SRP455504_NA.zip"
"SRP556042"	"PRJNA1207999"	"Komagataella phaffii GS115 sequencing"	""	"Changes in the transcriptome after knockout of the PEX3 gene from GS115."	""	"University of Shanghai for Science and Technology"	"2025-03-22"	""	""	"https://dee2.io/huge/pichia/SRP556042_NA.zip"
"SRP557147"	"PRJNA1210102"	"Sequencing analysis of intracellular inserted formate dehydrogenase gene and uninserted recombinant komagataella phaffii"	""	"In this study, the intracellular metabolic pathway of K. phaffii was modified. Firstly, the formate dehydrogenase gene of the dissimilar pathway was knocked out, and then the formate dehydrogenase of Candida boidinii (CbFDH)was inserted to construct an autotrophic pathway of CO2 fixation in the cell of recombinant K. phaffii. CO2 was reduced to formate by NADH electrochemical regeneration system, and the formate was further used to induce the expression of foreign proteins by recombinant K. phaffii. Finally, the expression of recombinant protein was induced by CO2 substrate, and transcriptomic analysis was performed on the recombinant K. phaffii. RNA-seq technology was an efficient approach to investigate the transcriptome, which was verified as a reliable method by several researchers. The analysis of the metabolic pathway of recombinant protein expression induced by formate synthesis on CO2 substrate will contribute to the early realization of the goal of carbon neutrality, and has positive significance for the application of K. phaffii in the safe production of foreign proteins."	""	"University of Shanghai for Science and Technology"	"2025-01-15"	""	""	"https://dee2.io/huge/pichia/SRP557147_NA.zip"
"SRP644950"	"PRJNA1346813"	"K. phaffii culture with and without the side chain addition"	""	"Transcriptome sequencing was used to investigate the differentially expressed genes (DEGs) between K. phaffii culture with and without the side chain DMB-S-MMP addition"	""	"East China University Of Science and Technology"	"2025-10-22"	""	""	"https://dee2.io/huge/pichia/SRP644950_NA.zip"
"SRP685522"	"PRJNA1360733"	"Komagataella phaffii NRRL 64867 Transcriptome"	""	"Transcriptome sequencing of oleaginous Komagataella yeast strain Cells grown in YPD liquid medium at 25 C"	""	"DOE Joint Genome Institute"	"2025-11-16"	""	""	"https://dee2.io/huge/pichia/SRP685522_NA.zip"
"SRP429412"	"PRJNA943385"	"Komagataella pastoris Raw sequence reads"	""	"RNAseq of pichia pastoris"	""	"Jimei University"	"2024-05-07"	""	""	"https://dee2.io/huge/pichia/SRP429412_NA.zip"
